Id,Name,Gender
0,fairuz,female
1,maliha,female
2,mehedi,male
3,sohan,male
4,shatil,male
5,akid,male
6,samia,female
7,tanvir,male
8,mobusshar,male
9,muqeet,male
10,ryan,male
11,ovi,male
12,afsar,male
13,fahman,male
14,faisal,male
15,salman,male
16,khaja,male
17,arith,male
18,eashan,male
19,fahim,male
20,mymun,male
21,rafi,male
22,nawroz,male
23,sadiqua,female
24,promi,female
25,akib,male
26,rayhan,male
27,niloy,male
28,himel,male
29,rabbi,male
30,tasnim,female
31,ananya,female
32,mahdi,male
33,sagor,male
34,fahim,male
35,shahriar,male
36,taskin,male
37,rashik,male
38,shad,male
39,evan,male
40,dipankar,male
41,shoaib,male
42,unmesh,male
43,masum,male
44,nasiba,female
45,anjum,female
46,shohan,male
47,aquib,male
48,mumtaseen,male
49,rony,male
50,tanzil,male
51,zahin,male
52,arnob,male
53,naiem,male
54,mukdadir,male
55,refat,male
56,ferdousi,female
57,ashik,male
58,robin,male
59,mojahidul,male
60,nilima,female
61,tarannum,female
62,ramis,male
63,shahan,male
64,hridoy,male
65,shanto,male
66,ashraf,male
67,neloy,male
68,irfan,male
69,sharif,male
70,eshanur,male
71,fuad,male
72,fahim,male
73,kawser,male
74,nahid,male
75,araf,male
76,shehtaz,male
77,ruslan,male
78,mehzabeen,female
79,fariha,female
80,tasfiqur,male
81,hridoy,male
82,tabassum,female
83,ehsaan,female
84,zarar,male
85,ishtiak,male
86,sabab,male
87,akhand,male
88,akib,male
89,abttahi,male
90,ali,male
91,sadman,male
92,sakib,male
93,uddin,male
94,nazmus,male
95,kawshik,male
96,saif,male
97,rimon,male
98,imran,male
99,tusher,male
100,robiul,male
101,farzand,male
102,moumita,female
103,mahmuda,female
104,pushan,female
105,safat,male
106,maliha,female
107,binta,female
108,turzo,male
109,fahad,male
110,abdus,male
111,salam,male
112,nihal,male
113,hasibul,male
114,hasib,male
115,mehedi,male
116,hridoy,male
117,arif,male
118,hemel,male
119,roktim,male
120,debnath,male
121,ankon,male
122,tarif,male
123,adib,male
124,josh,male
125,aaron,male
126,sabbir,male
127,faysal,male
128,rehan,male
129,imran,male
130,redwan,male
131,shafin,male
132,ittisafur,male
133,rafiqul,male
134,antor,male
135,ekramul,male
136,rakib,male
137,mustafa,male
138,basher,male
139,nairita,female
140,nahrin,female
141,barisha,female
142,sadaf,male
143,shajnin,female
144,tasnim,female
145,ruhul,male
146,amin,male
147,nafees,male
148,abrar,male
149,eram,male
140,parvej,male
151,shamim,male
152,raisa,female
153,suhasini,female
154,suha,female
155,toukey,male
156,avijit,male
157,junayed,male
158,arman,male
159,shamim,male
160,uddin,male
161,arghya,male
162,ahnaf,male
163,tajwar,male
164,marjan,male
165,mashreka,female
166,adnan,male
167,nayem,male
168,hassibul,male
169,abir,male
170,shafkat,male
171,jawad,male
172,riham,male
173,rakib,male
174,rafty,female
175,sami,male
176,tamzid,male
177,rafi,male
178,taqi,male
179,ansary,male
180,imtiaj,male
181,imy,male
182,ifthekhar,male
183,sallauddin,male
184,ashiq,male
185,fahim,male
186,samin,male
187,yasar,male
188,hrittik,male
189,pritti,female
190,pritu,female
191,mahfuzur,male
192,ziaul,male
193,zia,male
194,sazzad,male
195,farhan,male
196,mahbube,male
197,subhani,male
198,prottoy,male
199,bahauddin,male
200,asif,male
201,sento,male
202,mollah,male
203,raunak,female
204,raidah,female
205,injamul,male
206,fahim,male
207,rubab,male
208,salehin,male
209,showmik,male
210,ahssan,male
211,afiqur,male
212,shoaib,male
213,unmesh,male
214,christine,female
215,monisha,female
216,shahriar,male
217,tasnim,male
218,omor,male
219,hasan,male
220,boshir,male
221,shohan,male
222,akif,male
223,jahin,male
224,ahmed,male
225,maliha,female
226,mehnaz,female
227,jannat,female
228,akanto,female
229,shafi,male
230,ahnaf,male
231,azim,male
232,sarawat,female
233,sara,female
234,akram,male
235,habibul,male
236,mursaleen,male
237,fariha,female
238,shaguffta,female
239,mustafa,male
240,basher,male
241,khalid,male
242,fagun,male
243,amit,male
244,shamsul,male
245,shepon,male
246,kamrul,male
247,sabrina,female
248,oishi,female
249,orna,female
250,tasnim,female
251,asaf,male
252,niloy,male
253,israt,female
254,farhana,female
255,shukanya,female
256,moin,male
257,imran,male
258,jarin,female
259,mrittika,female
260,suranjana,female
261,rafi,male
262,ahmed,female
263,badsa,male
264,poulami,female
265,aditi,female
266,antora,female
267,prottoy,male
268,sakib,male
269,tasnia,female
270,mysha,female
271,tahsin,male
272,reza,male
273,himel,male
274,mahfuzur,male
275,nadia,female
276,supto,male
277,lamia,female
278,raisa,female
279,mohtasam,male
280,sizan,male
281,abid,male
282,shaon,male
283,tushar,male
284,sara,female
285,anjina,female
286,majherul,male
287,arman,male
288,mustafizur,male
289,sayem,male
290,sabreen,female
291,sarah,female
292,nusrat,female
293,tabassum,female
294,nabila,female
295,imran,male
296,ashif,male
297,asif,male
298,farhan,male
299,tushar,male
300,tauhida,female
301,shabrin,female
302,akif,male
303,bizary,female
304,prava,female
305,prova,female
306,mondal,female
307,mortuza,male
308,saleque,male
309,saikot,male
310,rashidul,male
311,israt,female
312,ema,female
313,jasia,female
314,sabein,female
315,momtaz,female
316,raihan,male
317,gafur,male
318,fahmida,female
319,rafa,female
320,minhaz,male
321,nihal,male
322,zakia,female
323,faria,female
324,rafin,female
325,shreya,female
326,naz,female
327,abir,male
328,hasin,male
329,maimuna,female
330,tasfia,female
331,tasnim,female
332,keya,female
333,tahmid,male
334,alvee,male
335,nafi,female
336,taba,female
337,bushra,female
338,shams,female
339,sidratul,female
340,muntaha,female
341,nadiamin,female
342,diya,female
343,utsha,male
344,arisha,female
345,sanam,female
346,adan,male
347,sumaiya,female
348,mehreen,female
349,promi,female
350,adnan,male
351,setu,female
352,farzana,female
353,saad,female
354,saif,male
355,lamia,female
356,sinthia,female
357,maksuda,female
358,sanzida,female
359,nusrat,female
360,masum,male
361,khadija,female
362,kubra,female
363,swaati,female
364,tonwi,female
365,samantha,female
366,nishat,female
367,tanzim,female
368,zahid,male
369,samia,female
370,sami,female
371,titheer,female
372,orchi,female
373,aizan,female
374,nazia,female
375,juhana,female
376,refat,male
377,muktadir,male
378,abir,male
379,hasibur,male
380,tahsin,female
381,anisha,female
382,raka,female
383,naznine,female
384,mohua,female
385,jerin,female
386,mou,female
387,rabbir,male
388,shad,male
389,joy,male
390,sadia,female
391,obaed,female
392,sabiha,female
393,omman,female
394,sanjeeda,female
395,nikita,female
396,showrov,male
397,tareq,male
398,ramisha,female
399,zaara,female
400,tasfia,female
401,polash,male
402,omi,female
403,eishika,female
404,shahriar,male
405,shawon,male
406,dipa,female
407,aninda,male
408,pritul,female
409,saiba,female
410,samiur,male
411,snigdha,female
412,bristy,female
413,antara,female
414,anzum,female
415,hridita,female
416,feroz,male
417,fahim,male
418,saba,female
419,anika,female
420,tashfia,female
421,camellia,female
422,mohua,female
423,nafiya,female
424,sanjuma,female
425,moon,female
426,rabeya,female
427,mehjabin,female
428,aunica,female
429,ritu,female
430,fardin,male
431,muntasir,male
432,maisha,female
433,saheriz,female
434,tonoy,male
435,tonu,male
436,samia,female
437,sulaiha,female
438,jame,female
439,alisha,female
440,saima,female
441,rabeya,female
442,ishita,female
443,taniya,female
444,porna,female
445,mondal,female
446,tasmia,female
447,tazrian,female
448,ilma,female
449,tania,female
450,afreen,female
451,mashiat,female
452,monalisa,female
453,lisa,female
454,farzana,female
455,tabassum,female
456,samiha,female
457,ishrak,male
458,renesa,female
459,mehjabin,female
460,mim,female
461,nabila,female
462,noumy,female
463,sharmin,female
464,ornithin,female
465,nazneen,female
466,meem,female
467,adiba,female
468,jihan,male
469,anushka,female
470,suhi,female
471,abrity,female
472,shutonu,female
473,mitra,female
474,sumaiya,female
475,khushnoma,female
476,anita,female
477,anista,female
478,rifat,male
479,sharmin,female
480,choity,female
481,chaity,female
482,chaiti,female
483,mysun,female
484,tanzila,female
485,mrittika,female
486,marufa,female
487,ishrak,male
488,rafid,male
489,ravin,male
490,adiba,female
491,tasnova,female
492,iftekhar,male
493,fahamin,female
494,arpa,female
495,marzan,female
496,fabiha,female
497,niaz,male
498,abdullah,male
499,tonmoy,male
500,emon,male
501,jenia,female
502,tanjima,female
503,nasreen,female
504,nafis,male
505,naim,female
506,shafayet,male
507,touhidul,male
508,shadman,male
509,kamal,male
510,pritom,male
511,rakib,male
512,shetu,female
513,ahona,female
514,rima,female
515,aritra,male
516,pranto,male
517,mehedi,male
518,nowshin,female
519,fatema,female
520,farzana,female
521,adiba,female
522,nowshin,female
523,jahid,male
524,wasimul,male
525,simran,female
526,eshrat,female
527,muniya,female
528,oishi,female
529,sanjida,female
530,aurthy,female
531,abdul,male
532,akib,male
533,anika,female
534,anu,female
535,tazzammul,male
536,tamim,male
537,jubair,male
538,mutasim,male
539,tabassum,female
540,rafa,female
541,zoya,female
542,pratik,male
543,mira,female
544,ferdus,female
545,ferdous,female
546,jannatul,female
547,sifat,male
548,jamil,male
549,nashrif,male
550,imran,male
551,borno,male
552,sabbir,male
553,faizun,female
554,zeba,female
555,farzana,female
556,shermin,female
557,rahat,male
558,habib,male
559,maisha,female
560,nagib,male
561,shuvo,male
562,ehtesham,male
563,moumita,female
564,baral,female
565,raisa,female
566,faria,female
567,shithi,female
568,sajid,male
569,rifat,female
570,bristi,female
571,sheikh,male
572,tariqul,male
573,fawzia,female
574,naznin,female
575,satu,female
576,abhijit,male
577,bhowmik,male
578,tanvir,male
579,tonwi,female
580,taposhi,female
581,mehnaz,female
582,saimon,male
583,maria,female
584,sadika,female
585,tamanna,female
586,yamin,male
587,shakil,male
588,ayiamus,female
589,ihsuok,female
590,tanjana,female
591,sabrin,female
592,homayra,female
593,urmi,female
594,farah,female
595,mohona,female
596,sujana,female
597,afrin,female
598,dia,female
599,nayemul,male
600,tasrin,female
601,tishi,female
602,rokshana,female
603,jyoti,female
604,mabruk,male
605,silvia,female
606,nabila,female
607,dipto,male
608,das,male
609,subha,female
610,saiful,male
611,tousif,male
612,kazi,male
613,sadia,female
614,miraj,male
615,ishfaq,male
616,sharmila,female
617,sanila,female
618,mehedi,male
619,piash,male
620,leona,female
621,mahin,male
622,arpita,female
623,majratun,female
624,najratun,female
625,ruba,female
626,jobayer,male
627,mazharul,male
628,mobin,male
629,tahsin,male
630,lamia,female
631,labiba,female
632,amrin,female
633,sneha,female
634,fariha,female
635,meenhajul,male
636,megh,male
637,meghla,female
638,yeasir,male
639,fatah,male
640,abed,male
641,mehzad,female
642,setu,female
643,alisha,female
644,akter,female
645,tawkir,male
646,tazammul,male
647,susmit,male
648,fahima,female
649,afrin,female
650,sushmita,female
651,sumona,female
652,nishat,female
653,lamia,female
654,salamah,female
655,masum,male
656,mukul,male
657,mukul,female
658,mahi,female
659,mithi,female
660,fahrina,female
661,ferdousi,female
662,anee,female
663,anni,female
664,any,female
665,amy,female
666,umme,female
667,samaya,female
668,umayma,female
669,drishty,female
670,ayesha,female
671,rahika,female
672,mahedina,female
673,raha,female
674,nahar,female
675,munni,female
676,afroze,female
677,mithila,female
678,jawad,male
679,abid,male
680,tina,female
681,tahsin,female
682,mehejabin,female
683,dristy,female
684,sharmin,female
685,sultana,female
686,ron,male
687,srabony,female
688,alfarrah,female
689,tissa,female
690,azmi,female
691,jakeya,female
692,jime,female
693,fahria,female
694,shuha,female
695,tory,female
696,proma,female
697,humayra,female
698,himaira,female
699,humaira,female
700,mehjabin,female
701,mehzabin,female
702,mahjabin,female
703,afsana,female
704,rimi,female
705,sarah,female
706,israt,female
707,nazneen,female
708,jeesan,female
709,jishan,male
710,rezwanur,male
711,rubaiya,female
712,farabi,female
713,farhin,female
714,shayla,female
715,jannat,female
716,afroze,female
717,afroza,female
718,obonti,male
719,ayesha,female
720,mohimenul,male
721,ahnaf,male
722,rifah,female
723,tasnia,female
724,keya,female
725,tamanna,female
726,lisa,female
727,mahzuzah,female
728,anika,female
729,lina,female
730,rounak,female
731,sroyondhi,female
732,shindhu,female
733,tomal,male
734,tanvir,male
735,mushfiqul,male
736,anik,male
737,bushra,female
738,mayesha,female
739,tabassum,female
740,esha,female
741,sanjida,female
742,taposi,female
743,mouri,female
744,mithila,female
745,waqib,male
746,shimu,female
747,sristee,female
748,tangina,female
749,tafrin,female
750,lubna,female
751,kaniz,female
752,dinan,male
753,munira,female
754,mim,female
755,nur,female
756,behesht,female
757,yeasir,male
758,aahil,male
759,shovon,male
760,anoy,male
761,farhan,male
762,hasin,male
763,srity,female
764,diba,female
765,ashik,male
766,arman,male
767,wahidul,male
768,maruf,male
769,zannat,female
770,mumu,female
771,muskan,female
772,lamisha,female
773,rafeed,male
774,nahid,male
775,samia,female
776,sumi,female
777,safi,male
778,shafayet,male
779,afrin,female
780,touhidul,male
781,anto,male
782,noboni,female
783,sarzil,male
784,mueed,male
785,mehjabin,female
786,anonna,female
787,sarzil,male
788,ananta,female
789,afrin,female
790,munem,male
791,kazi,male
792,marjuka,female
793,lamia,female
794,sultana,female
795,ananna,female
796,naushin,female
797,shaira,female
798,jebin,female
799,afroz,female
800,marzia,female
801,sheba,female
802,ridwan,male
803,jui,female
804,masrur,female
805,mizanur,male
806,tanzim,male
807,arman,male
808,amit,male
809,muyeen,male
810,anika,female
811,tanzeem,male
812,amin,male
813,rahat,male
814,shaolin,female
815,asha,female
816,rikta,female
817,maya,female
818,saleha,female
819,maleka,female
820,nurunnahar,female
821,monira,female
822,shapna,female
823,akter,female
824,yousha,male
825,shahriar,male
826,sumona,female
827,munmun,female
828,eyasin,male
829,rishita,female
830,hridhi,female
831,emon,male
832,tayleesha,female
833,tanha,female
834,lilith,female
835,anas,male
836,purnota,female
837,ayat,male
838,elora,female
839,samsad,male
840,rashid,male
841,raisa,female
842,samira,female
843,rimi,female
844,nova,female
845,fariha,female
846,tuli,female
847,kaniz,female
848,fatema,female
849,nabeela,male
850,aysha,female
851,tisha,female
852,tawkir,male
853,elahi,male
854,rowshan,female
855,faria,female
856,fariha,female
857,neela,female
858,nishat,female
859,mili,female
860,lipu,male
861,nikuni,female
862,sachiko,female
863,rakib,male
864,tahmina,female
865,sanjida,female
866,subarna,female
867,zerin,female
868,annesha,female
869,alavi,female
870,sharar,female
871,nisa,female
872,swarna,female
873,sree,female
874,naureen,female
875,naurin,female
876,nawrin,female
877,sabiba,female
878,sameka,female
879,kashfia,female
880,tanzida,female
881,bismy,female
882,sazzat,male
883,sajeeb,male
884,ashiq,male
885,dawud,male
886,awlad,male
887,sadi,male
888,rakibul,male
889,mahbubur,male
890,johora,female
891,ornob,male
892,muntasir,male
893,sifat,male
894,sunan,male
895,rakib,male
896,wasif,male
897,amman,male
898,rafi,male
899,asif,male
900,atif,male
901,harshapratham,male
902,fazle,male
903,ali,male
904,akib,male
905,sajid,male
906,nowshin,female
907,nowrin,female
908,sabeka,female
909,aishia,female
910,Fagun,male
911,Emon,male
912,Fairuz,female
913,Anika,female
914,Rakibul,male
915,Karim,male
916,Sakib,male
917,Mushfiqur,male
918,Imran,male
919,Tausif,male
920,Sharaf,female
921,Habib,male
922,Habdan,male
923,Samiul,male
924,Siam,male
925,Anik,male
926,Utsha,male
927,Debasis,male
928,Samiha,female
929,Binte,female
930,Shohan,male
931,Abir,male
932,Parvez,male
933,Lima,female
934,Bandhan,male
935,Mobusshar,male
936,Nisa,female
937,Shazid,male
938,Tanjila,female
939,Fahima,female
940,Rumi,male
941,Rumi,female
942,Arafat,male
943,Mahbub,male
944,Alam,male
945,papun,male
946,anzir,male
947,habibul,male
948,mursaleen,male
949,aritra,male
950,papiya,female
951,proma,female
952,hasib,male
953,rafi,male
954,saif,male
955,effath,female
956,shahin,female
957,shahin,male
958,vasha,female
959,jahid,male
960,masum,male
961,sabbir,male
962,annan,male
963,adnan,male
964,irteza,male
965,rafsan,male
966,naveed,male
967,fahim,male
968,saima,female
969,sharleen,female
970,tanveer,male
971,sohel,male
972,shahzada,male
973,shihab,male
974,rizwan,male
975,sandhi,male
976,shetu,female
977,mami,female
978,asifuzzaman,male
979,naim,male
980,iftekhar,male
981,fuad,male
982,fahim,male
983,fahad,male
984,monir,male
985,saef,male
986,ullah,male
987,sajid,male
988,sheehab,male
989,pranto,male
990,anamul,male
991,abhijit,male
992,afrin,female
993,akhi,female
994,amin,male
995,tamanna,female
996,jahan,female
997,mehdi,male
998,riyanul,male
999,nahid,male
1000,nid,male
1001,soumik,male
1002,kanti,male
1003,tabassum,female
1004,farhana,female
1005,Ferdous,female
1006,meghla,female
1007,juena,female
1008,noshin,female
1009,ragib,male
1010,anzum,female
1011,anzum,male
1012,nirob,male
1013,bishawjit,male
1014,sabiha,female
1015,mourin,female
1016,masuduzzaman,male
1017,prince,male
1018,simon,male
1019,shamim,male
1020,imtiaz,male
1021,antu,male
1022,afiqur,male
1023,ishrak,male
1024,shahriare,male
1025,urmy,female
1026,jhil,female
1027,moin,male
1028,sayenta,female
1029,faria,female
1030,jannat,female
1031,sylvie,female
1032,asmaul,female
1033,husna,female
1034,shampa,female
1035,rifat,male
1036,rifat,female
1037,rafa,female
1038,rafa,male
1039,naznin,female
1040,sultana,female
1041,mazharul,male
1042,nafis,male
1043,imteaz,male
1044,hasibul,male
1045,tabassum,female
1046,rodela,female
1047,nujhat,female
1048,sana,female
1049,farhana,female
1050,mowli,female
1051,nishat,female
1052,rathna,female
1053,akter,female
1054,majherul,female
1055,arman,female
1056,sazidur,male
1057,saad,male
1058,ali,male
1059,arman,male
1060,frahim,male
1061,shahriar,male
1062,akib,male
1063,rakib,male
1064,tonoy,male
1065,tonu,male
1066,ullah,male
1067,rukaiya,female
1068,anjuman,female
1069,maha,female
1070,minhaz,male
1071,fahim,male
1072,emu,female
1073,shithi,female
1074,aniruddha,male
1075,tonmoy,male
1076,mayel,male
1077,mostafa,male
1078,ashik,male
1079,arif,male
1080,nunjiba,female
1081,fariba,female
1082,mitu,female
1083,mridha,female
1084,farabi,male
1085,sahbir,male
1086,tasnia,female
1087,tonmona,female
1088,shanjida,female
1089,bushra,female
1090,ferdousi,female
1091,adity,female
1092,rashid,male
1093,tasnim,female
1094,sorosi,female
1095,araddha,female
1096,noor,female
1097,samma,female
1098,tsnim,female
1099,azizul,male
1100,adan,male
1101,sadia,female
1102,wasif,male
1103,hafiz,male
1104,zarin,female
1105,tasmia,female
1106,tasmi,female
1107,dip,male
1108,ishrat,female
1109,jahan,female
1110,mim,female
1111,mehnaz,female
1112,ruponti,female
1113,nabanita,female
1114,nira,female
1115,tasneem,female
1116,tabassum,female
1117,sormi,female
1118,rafiul,male
1119,turjo,male
1120,fatema,female
1121,rajib,male
1122,kimia,female
1123,aksir,female
1124,sanika,female
1125,masoud,male
1126,raonak,male
1127,niloy,male
1128,nooray,male
1129,syeda,female
1130,dipty,female
1131,ontora,female
1132,ruhul,male
1133,sonia,female
1134,layla,female
1135,nahar,female
1136,samsun,female
1137,samina,female
1138,sharmin,female
1139,asmaul,female
1140,husna,female
1141,tania,female
1142,shuvamoni,female
1143,mafruca,female
1144,khanam,female
1145,payel,female
1146,debolina,female
1147,oishi,female
1148,afroza,female
1149,ruma,female
1150,puja,female
1151,jafrin,female
1152,silve,female
1153,maliha,female
1154,laboni,female
1155,sababa,female
1156,tasmina,female
1157,meherima,female
1158,afnan,female
1159,samiya,female
1160,jabin,female
1161,ayesha,female
1162,rumman,female
1163,shahren,female
1164,alom,female
1165,boishakhi,female
1166,mithela,female
1167,shoaib,male
1168,nitu,female
1169,kaniz,female
1170,fatema,female
1171,prema,female
1172,sharmin,female
1173,shimu,female
1174,shanta,female
1175,dilara,female
1176,sahfwana,female
1177,mou,female
1178,ireen,female
1179,eva,female
1180,farjana,female
1181,akhi,female
1182,omrin,female
1183,shorna,female
1184,farjana,female
1185,jhumur,female
1186,sultana,female
1187,murshida,female
1188,tandra,female
1189,abrar,female
1190,rezwanur,male
1191,habiba,female
1192,oishi,female
1193,suraiya,female
1194,shriti,female
1195,bably,female
1196,jahan,female
1197,umaima,female
1198,saba,female
1199,farah,female
1200,tarek,male
1201,salina,female
1202,tasnuva,female
1203,taha,female
1204,zohora,female
1205,chaity,female
1206,arkan,male
1207,shafi,male
1208,nusrat,female
1209,joty,female
1210,supty,female
1211,nawshin,female
1212,raisa,female
1213,nurain,female
1214,sharmin,female
1215,nadimul,male
1216,tauhida,female
1217,shabrin,female
1218,mithila,female
1219,jahan,female
1220,snigdha,female
1221,fouzia,female
1222,khushbu,female
1223,mahi,female
1224,fariya,female
1225,ema,female
1226,alo,female
1227,shazida,female
1228,afrose,female
1229,arthy,female
1230,apu,male
1231,zahrah,female
1232,augustina,female
1233,dorin,female
1234,naznin,female
1235,esha,female
1236,sumona,female
1237,neha,female
1238,lipu,male
1239,konika,female
1240,fahmida,female
1241,arifa,female
1242,nishat,female
1243,mourin,female
1244,towsif,male
1245,borno,male
1246,oyshy,female
1247,akif,male
1248,tanzina,female
1249,tama,female
1250,mumu,female
1251,zahin,female
1252,sadi,male
1253,raihan,male
1254,nishat,female
1255,marha,female
1256,redwan,male
1257,adiba,female
1258,anjum,female
1259,noushin,female
1260,adip,male
1261,ibrahim,male
1262,fariah,female
1263,rushee,female
1264,chelsia,female
1265,paula,female
1266,nihal,male
1267,arman,male
1268,showorna,female
1269,farhan,male
1270,ishrak,male
1271,sabbir,male
1272,shuvo,male
1273,erfan,male
1274,habib,male
1275,shumaiya,female
1276,mridha,female
1277,ayomee,female
1278,nargis,female
1279,adhora,female
1280,jinat,female
1281,nafees,male
1282,emee,female
1283,sharmin,female
1284,promona,female
1285,prangon,male
1286,raha,male
1287,shimu,female
1288,aditi,female
1289,prianka,female
1290,marufa,female
1291,yasmin,female
1292,shanta,female
1293,ritu,female
1294,shila,female
1295,arifa,female
1296,nargis,female
1297,aroni,female
1298,pavel,male
1299,barsha,female
1300,emran,male
1301,sijni,female
1302,khoma,female
1303,jahrin,female
1304,akash,male
1305,arif,male
1306,partho,male
1307,suara,female
1308,yasmin,male
1309,najnin,female
1310,shristy,female
1311,bushra,female
1312,shomo,female
1313,sabrina,female
1314,bristy,female
1315,mansura,female
1316,tahira,female
1317,niha,female
1318,erma,female
1319,etee,female
1320,tuba,female
1321,dipa,female
1322,fouzia,female
1323,laila,female
1324,pial,female
1325,afrin,female
1326,rokibuzzaman,male
1327,shad,male
1328,saeri,female
1329,sumaiya,female
1330,farjana,female
1331,noorus,female
1332,sabah,female
1333,mounota,female
1334,tanbin,female
1335,nafia,female
1336,momtaz,female
1337,silvia,female
1338,farhin,female
1339,disha,female
1340,sayma,female
1341,ahad,male
1342,ershadul,male
1343,sezan,male
1344,meherun,female
1345,mitu,female
1346,mum,female
1347,tahena,female
1348,kafil,female
1349,opu,male
1350,samiur,male
1351,tawhid,male
1352,tasmia,female
1353,juha,female
1354,mashrur,male
1355,ashraful,male
1356,asha,female
1357,zahirul,male
1358,milton,male
1359,shakira,female
1360,riffat,female
1361,nasrin,female
1362,biva,female
1363,khalid,male
1364,sadman,male
1365,ovi,male
1366,mehedi,male
1367,kayser,male
1368,pabitra,male
